Módulos,Etapa,Funcionalidad,,Acción,✅ Incluye,❌ No incluye,Adicionales,"Trazabilidad
(MR / VP / BOS)","Objetivo estratégico
que soporta","Resultado visible
para el usuario","Definición funcional
detallada","Cómo debe mostrarse
(UX/UI)","Criterio de aceptación
MVP / QA","Guardrails de alcance
y relato",Actividades Leonardo,Actividades Miguel,Estimacion Tiempos
1,Enrolamiento y onboarding,Login,Responsable,Inicio de sesión con mail y contraseña.,"Registro de usuario
Login
Recuperación contraseña
Autenticación biométrica o de huella (si dispositivo lo permite)
Onboarding informativo básico (pantallas introductorias)","Autenticación multifactor avanzada (OTP SMS externo).
Integración con proveedores externos de identidad (Google, Apple, Facebook).
Validación KYC financiera.
Firma electrónica avanzada.

KYC (Conoce a tu cliente):
Es un proceso formal que utilizan bancos y entidades financieras para:
Verificar la identidad real de una persona
Validar que no esté en listas de fraude o lavado de dinero
Cumplir normativas regulatorias","Evaluar desarrollo
Integración con proveedores externos de identidad (Google, Apple, Facebook).
","MR 5.4, 8.1 | VP 3.3, 6.1, P3 | BOS 6, 9",Habilitar acceso simple y seguro al MVP sin agregar complejidad fuera de alcance.,"El usuario puede entrar, recuperar acceso y comenzar el setup sin fricción innecesaria.","Incluye registro, login, recuperación por email y biometría si el dispositivo lo soporta. El objetivo es habilitar uso rápido del MVP, no resolver identidad financiera avanzada.","Flujo corto, lenguaje claro y pasos mínimos. La seguridad debe sentirse seria, pero sin pedir validaciones ajenas al MVP.","Usuario crea cuenta, inicia sesión, recupera contraseña por email y puede volver a entrar sin soporte manual.","No agregar MFA externo, login social, KYC, OTP SMS ni validaciones regulatorias no incluidas.","Biometria, Cambio de contraseña.
Recuperación de contraseña vía email.",Crear base de datos de categorias y endpoint,Semana 30-03 al 02-04 
,,,Leonardo Salas,Autenticación Biometría,,,,VP P3 | BOS 6,Acortar el reingreso recurrente.,Entrar rápido sin volver a digitar la clave cada vez.,Face ID / huella nativa opcional después del primer login exitoso.,Prompt simple post-login o en ajustes; siempre con fallback visible a contraseña.,"Puede activarse y desactivarse; si falla, el usuario entra con credenciales.",No reemplaza el login base ni agrega identidad externa.,,,
,,,,Creación de cuenta de usuario,,,,"VP 3.3, P3 | BOS 9 Onboarding",Permitir alta rápida para llegar al primer valor.,Crear cuenta sin pasos innecesarios y avanzar al onboarding.,"Formulario corto: nombre, RUT o correo, contraseña y aceptación mínima de términos.",1 pantalla o wizard corto; validaciones simples; no pedir datos financieros aún.,Cuenta creada y sesión iniciada en un solo flujo.,"No pedir KYC, empleo, renta ni datos patrimoniales en alta inicial.",,,
,,,Leonardo Salas,Cambio de contraseña.,,,,VP 6.1 | BOS 9 Mantenimiento,Sostener confianza y autonomía básica de la cuenta.,El usuario puede actualizar su acceso sin fricción operativa.,Cambiar contraseña desde perfil con validación de clave actual.,Opción visible en perfil; feedback claro de éxito/error.,Cambio efectivo y próxima sesión respeta nueva clave.,No mezclar con seguridad avanzada fuera del alcance V1.,,,
,,,Leonardo Salas,Recuperación de contraseña vía email.,,,,"VP 3.3, 6.1 | BOS 9 Mantenimiento",Evitar abandono por pérdida de acceso.,Recupera su cuenta por email y retoma el flujo.,Envío de enlace o código vía correo para restablecer contraseña.,Ruta “Olvidé mi contraseña” visible y breve.,Restablece clave desde email y puede volver a iniciar sesión.,No usar SMS ni validaciones externas costosas en V1.,,,
,,Onboarding,,Onboarding básico,,,,"MR 5.4, 8.1 | VP 3.3, 4.5, P3 | BOS 6, 9","Convertir el onboarding en diagnóstico rápido y puesta en marcha del presupuesto vivo, no en un tutorial largo.","En la primera sesión entiende para qué sirve la app y, si quiere saber cómo está hoy y no esperar un mes, puede cargar cartolas o últimos movimientos para obtener semáforo, primeras recomendaciones y presupuesto sugerido.","Onboarding breve que explique deuda + pagos + presupuesto vivo. Debe ofrecer desde el inicio la carga opcional de cartolas o últimos movimientos de uno o varios meses recientes para generar diagnóstico rápido. Si el usuario la usa, la app debe proponer un presupuesto inicial por categorías predefinidas, sugerir metas por categoría según los registros y habilitar semáforo, alertas y recomendaciones desde la primera sesión. Si la omite, el flujo puede continuar, pero debe explicarse que esas señales serán más útiles al cargar movimientos o registrar actividad.","Pantallas cortas, texto cotidiano y un CTA claro por paso. Debe existir salida simple a “Continuar” y una opción visible de “Importar cartolas o movimientos” con explicación breve del beneficio: saber hoy cómo está su salud financiera y activar semáforo, presupuesto sugerido y recomendaciones.","El usuario termina onboarding, entiende por qué conviene importar movimientos, y si carga cartolas puede ver en esa misma primera sesión una lectura inicial del mes, categorías sugeridas y primeras recomendaciones sin quedar bloqueado si decide omitir el paso.","Evitar tutorial extenso, relato de open banking disponible hoy, pedir que el usuario arme el presupuesto desde cero o prometer extracción perfecta del archivo.",,,
2,Perfil y configuración,Perfil de usuario,,"Ajustes de perfil (Nombre, correo, cambio de contraseña, aletas)","Edición nombre y correo
Cambio contraseña
Configuración de notificaciones
Configuración de alertas
Definición de metas

Alertas cuando:
Se supera umbral de gasto.
Se acerca fecha de pago.
Recordatorios configurables.
Semáforo visual por estado financiero.","
Notificaciones push inteligentes con IA predictiva.
Envío masivo vía SMS (si no se contrata servicio externo).",,"MR 7.1, 8.1, 8.2 | VP 3.2, 6.1, P2, P4, P5 | BOS 4, 9","Permitir que el usuario revise metas y alertas derivadas del presupuesto sugerido, sin convertir la app en un centro complejo de settings.","El usuario entiende qué alertas recibirá, sobre qué meta operan y puede dejar activadas las relevantes sin perderse en configuración avanzada.","Configuración de perfil y preferencias de aviso sobre una matriz default definida por producto. Por defecto la app deja activos los avisos mínimos para que funcione como se espera sin diseño manual del usuario: pagos próximos, alertas de presupuesto por categoría, recordatorio semanal para importar últimos movimientos y señales del semáforo. El usuario puede ajustar intensidad, frecuencia/cadencia y canal dentro de opciones acotadas.","Pantalla simple por bloques: pagos, presupuesto y actualización de datos. Debe mostrar qué viene activo por defecto, por qué sirve y qué puede ajustar el usuario sin confusión.","El usuario puede ver la configuración por defecto, mantenerla o ajustar canal/cadencia sin romper la lógica base del sistema.","No ofrecer motor libre de reglas, porcentajes ni flujos completamente custom por usuario; la lógica base la define producto.",,,
,,,,Activar / desact. Notificaciones y Alertas,,,,"VP P2, P5 | BOS 9 Uso",Activar ayuda oportuna sin ruido y sin pedir al usuario diseñar reglas.,"Recibe alertas útiles desde el inicio sobre vencimientos, gasto y presupuesto, aun si no entra a configurar nada.","Toggles por tipo de alerta y canal: pagos, recordatorios de actualización, alertas de presupuesto por categoría y señales del semáforo. La app debe venir operativa por defecto: por ejemplo popup/in-app al cruzar umbrales de presupuesto, push móvil para vencimientos próximos y recordatorio semanal para importar últimos movimientos, y correo para resúmenes o avisos críticos según producto. En presupuesto, el sistema usa una escalera fija de umbrales sobre la meta mensual definida para cada categoría (por defecto al menos 50%, 80% y 100% o más; cualquier nivel adicional lo define producto). El usuario decide si quiere bajar o subir intensidad, cadencia o canal dentro de opciones acotadas; no diseña un motor libre de porcentajes.","Configuración clara por bloques y canales aprobados: popups/in-app para acciones contextuales, push móvil para avisos oportunos y correo para recordatorios o resúmenes. Debe verse qué viene activo por defecto y permitir ajuste simple.",Las alertas base quedan operativas sin configuración manual y el usuario puede mantener defaults o ajustar canal/cadencia dentro de las opciones permitidas.,No abrir constructor libre de reglas/canales ni depender de SMS u otros canales no aprobados para que la lógica principal funcione.,,,
,,Perfil financiero,,Configurar perfil financiero básico con cálculo de capacidad estimada de pagos,,,,"MR 7.1 | VP 3.1, 3.3, P1, P4 | BOS 4, 9","Estimar la carga financiera base y construir un presupuesto sugerido que alimente semáforo, metas y capacidad estimada de pago.","El usuario ve una primera lectura simple de su margen del mes, capacidad estimada de pago y un presupuesto sugerido por categorías, sin tener que inventarlo desde cero.","Perfil financiero básico alimentado por datos fijos (por ejemplo renta, gastos relativamente estables y otros antecedentes mínimos) y, idealmente, por cartolas o últimos movimientos importados si quiere diagnóstico inmediato. La app debe explicar durante onboarding que, si el usuario quiere saber cómo está hoy y no después de un mes de uso, conviene subir movimientos recientes para que se armen desde el inicio el presupuesto sugerido, las metas por categoría, el semáforo, las alertas y las primeras recomendaciones. Si el usuario omite ese paso, la herramienta igual debe partir con supuestos básicos y valores guía del producto, pero dejando claro que la precisión mejora al importar registros.","Setup guiado y liviano, con CTA muy visible para importar cartolas/movimientos y explicación directa del beneficio: “esto acelera tu diagnóstico, presupuesto y recomendaciones desde hoy”.","Guarda el perfil financiero básico, deja operativo el cálculo de capacidad estimada de pago, el presupuesto sugerido por categoría, las metas editables, el semáforo y la lógica de alertas/umbrales, y comunica claramente el beneficio de importar cartolas para mejorar el diagnóstico inicial.","No presentarlo como scoring bancario, análisis patrimonial, asesoría certificada ni como un presupuesto 100% manual construido desde una hoja en blanco.",,,
,,,,Definir objetivo financiero (Metas),,,,"VP 3.1, 4.5, P4 | BOS 9 Salida/continuidad",Conectar orden financiero con una meta entendible.,El usuario declara una meta global que refuerza el sentido de progreso y complementa las metas mensuales por categoría del presupuesto.,"Metas globales simples: bajar deuda, ahorrar un monto, potenciar capacidad de ahorro, evitar atraso o cumplir presupuesto. Deben tener seguimiento matemático básico usando indicadores ya disponibles del MVP, por ejemplo deuda restante, monto ahorrado, capacidad de ahorro recuperada/disponible, pagos al día o grado de cumplimiento del presupuesto. Estas metas globales no reemplazan las metas por categoría que alimentan alertas y umbrales; las complementan y pueden ayudar a disparar recomendaciones proactivas, por ejemplo revisar o activar Bola de Nieve si la capacidad de ahorro queda muy por debajo del objetivo declarado.","Selección guiada con opciones predefinidas y edición mínima, mostrando en una línea cómo se medirá el avance y qué módulo puede ayudar a lograrla.","Meta creada y visible en home o perfil, con una señal básica de avance o cumplimiento según el indicador definido y sin confundirla con las metas por categoría.",No convertir metas en simulador patrimonial complejo ni confundir esta meta global con las metas mensuales por categoría del presupuesto.,,,
3,"Home (Seguimiento, visualización y motivación)",Dashboard,,Ver resumen del día/ semanal /Mensual,"Visualización consolidada de:

Ingresos
Gastos
Balance
Gráficos básicos (línea / barra)
Semáforo financiero
Visualización avance de deudas
Gamificación básica definida como:
Logros simples (ej: “3 días bajo presupuesto”)","

Proyecciones financieras a más de 12 meses.
Simulaciones complejas de escenarios.
Modelos predictivos con machine learning

Descarga de documentos 
Generación automática de reportes descargables.
",,"MR 7, 7.1, 8.1 | VP 3.2, 3.3, 6.1, P1, P2, P4, P5 | BOS 4, 5, 9",Dar una lectura del mes que permita decidir rápido qué mirar y qué corregir.,"Desde el home ve el estado general del mes, próximos riesgos y progreso visible.","Home resumido con balance, semáforo, avance de deuda, próximos vencimientos y señales básicas de desvío o fuga. Los gráficos apoyan la lectura, pero no reemplazan la acción principal.","Jerarquía visual clara: primero riesgo o acción sugerida, luego estado del presupuesto y finalmente gráficos de apoyo.","El home muestra al menos un próximo vencimiento o alerta, el estado del mes y el avance de deuda.","No convertir el home en tablero BI, centro de reportes ni vista cargada de indicadores de bajo valor.",,,
,,,,"Gráfico por categoría de gastos (Gasto hormiga, ahorro,etc)",,,,MR 7.1 | VP P4 | BOS 6 Elevar fugas,Hacer visible dónde se escapa la liquidez.,"Identifica categorías sensibles como gastos hormiga, ahorro y otros drenajes que concentran el deterioro del presupuesto.","Gráfico por categoría con foco en categorías drenantes, regla de gastos hormiga y una heurística simple de concentración/desbalance o mix presupuestario definida por producto (por ejemplo una regla tipo 50/30/20, 80/20 u otra equivalente adoptada por negocio). Debe ayudar a entender rápido dónde conviene empezar a actuar, no sólo por gasto hormiga sino también por categorías que están lesionando más el presupuesto.","Usar labels claros y pocos colores; destacar categorías que exigen acción y explicar brevemente si el problema viene por fugas pequeñas repetidas, por concentración excesiva o por desviación frente al mix objetivo.","El usuario puede identificar categoría dominante, drenajes relevantes y desvíos frente al mix esperado que justifican una recomendación o ajuste concreto.",No saturar con taxonomías complejas ni exceso de categorías en V1.,,,
,,,,Grafico de cumpliento de presupuestos,,,,VP P4 | BOS 9 Uso,Mostrar si el presupuesto real del mes va sano o desbordado.,Ve cumplimiento por categoría y estado general sobre metas sugeridas o ajustadas por la app.,"Comparativa entre presupuesto sugerido o ajustado y gasto real por categoría base. Debe mostrar el avance frente a la meta mensual por categoría y disparar umbrales visuales del sistema conforme se consume la meta, con escalera fija definida por producto (por defecto al menos 50%, 80% y 100% o más; cualquier nivel intermedio adicional lo controla producto y no el usuario).","Barras simples; rojo/amarillo/verde; mensaje corto de corrección. El usuario debe entender qué porcentaje de su meta lleva consumido, cuál es el siguiente umbral y por qué recibió la alerta.","Se observa estado por categoría, porcentaje consumido frente a la meta y al menos una alerta de desvío cuando se cruzan umbrales definidos por producto.","No convertirlo en analítica avanzada, editor complejo de umbrales ni forecasting largo.",,,
,,,,Gráfico de reducción de deudas,,,,VP P1 | BOS 4,Hacer tangible que salir del rojo es posible.,Ve disminución de deuda y cercanía a la fecha de salida.,Gráfico simple de reducción de deuda y saldo restante.,"Destacar saldo inicial, saldo actual y fecha/meta estimada + próxima deuda a saldar con capacidad de ahorro a liberar.",Visualización responde a cambios en pagos o prioridad.,No mostrar simulaciones complejas fuera del modelo MVP.,,,
,,Recomendaciones,,Recibir recomendaciones básicas en todas las pantallas ,,,,VP P5 | BOS 9 Uso,Convertir datos en guía situacional mínima.,Recibe recomendaciones breves y contextualizadas en cada pantalla.,"Reglas simples por pantalla según deuda, pagos, semáforo y presupuesto.","Cards cortas con verbo de acción: “paga”, “recorta”, “revisa”, “sube”.",Cada pantalla crítica muestra al menos una recomendación contextual útil.,No prometer IA mágica ni consejos genéricos desconectados del contexto.,,,
,,Gamificación,,"Gamificación básica (puntaje, Perfil/ranking financiero u otro)",,,,VP 3.1 emocional | BOS 9 Salida,Reforzar pequeñas victorias que sostengan uso sin desviar el producto hacia entretenimiento.,El usuario percibe avance o reconocimiento por conductas útiles dentro del MVP.,"Gamificación básica resuelta con puntaje, hitos, perfil o ranking personal simple, siempre ligado a conductas útiles del MVP como registrar, cumplir pagos o mantenerse dentro del presupuesto.","Elemento secundario y discreto. Debe acompañar el flujo funcional, no competir visualmente con deuda, pagos o presupuesto.",Existe al menos un mecanismo visible de logro o puntaje asociado a una acción útil del usuario.,"No agregar competencia social, rankings públicos ni una capa profunda de gamificación que reemplace el valor funcional.",,,
,,,,Visualizar logros del día,,,,VP P5 | BOS 9 Continuidad,Dar señal de progreso inmediato para sostener recurrencia.,Ve un logro del día o una micro-victoria.,Widget simple con logro reciente o tarea cumplida.,"Mensaje positivo, corto y concreto; no infantil.",El home refleja al menos una victoria visible cuando exista evento.,No exagerar tono emocional ni usar mecánicas complejas.,,,
4,Motor de deudas (Bola de Nieve),Registrar deudas ,,"Ingesta de datos manualmente (Monto, tasa, pago, fechas de vencimiento)","
Adjuntar documentos bancarios (ej: cartola ultimos movimientos).
Almacenamiento en base de datos.
Ordenamiento automático por prioridad (método bola de nieve).
Proyección básica de capacidad de ahorro a liberar.
Visualización plan de salida

La categorización será:
Regla simple por palabra clave
No modelo entrenado","Consolidación automática de deudas bancarias.
Renegociación automática.
Conexión directa con bancos para pago.

","Validación automática del documento (Extrae datos y los ingresa a la BD)
Clasificación automática con IA.","MR 3, 6, 7, 7.1, 9 | VP 3.2, 3.3, 5.1, P1, P3, P4 | BOS 4, 6, 9, 10",Construir el núcleo del MVP para salir del rojo con una carga de datos viable.,"El usuario registra su deuda, entiende prioridad y obtiene un plan básico de salida para recuperar capacidad de ahorro.","Alta manual de deuda con datos mínimos alineados al cálculo base: nombre o acreedor, monto bruto/principal cuando aplique, deuda actual, pago mínimo, interés o costo financiero cuando exista, número de cuotas pactadas y cuotas pendientes si aplica, y vencimiento. A partir de esa base el sistema aplica la lógica de bola de nieve para V1: orden principal por menor deuda actual, mantenimiento de pagos mínimos en las demás deudas y reasignación de la capacidad de ahorro recuperada a la siguiente deuda al cerrar una. El adjunto documental es apoyo, no requisito para comenzar.","Flujo guiado paso a paso, con explicación simple de por qué se pide cada dato y cómo impacta el plan. Debe ser evidente que el orden sugerido sigue una lógica entendible y orientada a recuperar capacidad de ahorro, no una caja negra.","Puede crear una deuda, guardarla y ver de inmediato su ubicación dentro del orden sugerido o del plan, usando los campos mínimos requeridos por la lógica de bola de nieve.","No asumir consolidación bancaria, renegociación, pago desde la app, ni reemplazar la lógica base de bola de nieve por un ranking opaco fuera del alcance aprobado.",,,
,,,,Adjuntar cartolas o últimos movimientos ,,,,"MR 5.4, 8.1, 9 | VP 3.3, 5.1, P3 | BOS 6 Crear diagnóstico inicial","Acortar el tiempo al primer valor, capturar deudas de forma automática y habilitar diagnóstico inmediato sin esperar un mes de uso manual.","Si sube cartolas o últimos movimientos, en los primeros minutos el sistema identifica deudas potenciales no registradas (por ejemplo, compras en cuotas y saldo de línea de crédito), y entrega una lectura inicial de salud financiera, categorías sugeridas y primeras recomendaciones.","Permitir adjuntar cartolas o últimos movimientos de uno o varios meses recientes en los formatos definidos por el proyecto. El foco de esta sección es identificar deudas que el usuario no haya ingresado manualmente y sugerirlas como registros potenciales para incorporarlas a la bola de nieve (por ejemplo, compras en cuotas, saldo de línea de crédito u otras obligaciones recurrentes). Adicionalmente, esta información alimenta el diagnóstico inicial, el presupuesto sugerido, el semáforo y las primeras recomendaciones apenas el usuario se enrola.

Debe presentarse como un paso altamente recomendado si el usuario quiere saber “cómo está hoy”. El sistema debe intentar leer automáticamente datos básicos cuando sea posible y, si la lectura no es suficiente, habilitar una instancia de revisión y corrección manual antes de guardar.","Entrada visible y bien explicada: qué archivo sirve, por qué conviene subirlo para saber “cómo está hoy”, qué datos intentará leer el sistema (incluida la detección automática de deudas) y qué ocurre si el archivo no puede procesarse por completo.","Flujo sin bloqueo: el usuario puede adjuntar el archivo, revisar lo detectado, corregir o completar manualmente (incluyendo confirmar/descartar deudas sugeridas), y el sistema refleja esa carga en el diagnóstico inicial, categorías sugeridas, deudas a incorporar (bola de nieve) y metas por categoría o presupuesto base.","No vender esta función como open finance completo, no exigir extracción perfecta y no obligar a subir archivos para usar la app.",,,
,,Registrar movimientos,,Categorización automática de los movimientos,,,,"MR 5.4, 7.1, 8.1 | VP 3.2, 3.3, 5.1, P1, P3, P4 | BOS 4, 6, 9","Reducir el trabajo manual y detectar movimientos que deben alimentar Bola de Nieve o Pagos, sin confundirlos con el armado base del presupuesto. Además, cada registro debe incorporar la institución financiera (o entidad donde están los fondos) para que el usuario, además de contar con una vista consolidada, pueda visualizar en un solo lugar cómo se distribuyen sus flujos entre cuentas, bancos y fuentes de dinero.","El usuario ve sugerencias cuando un movimiento parece corresponder a pago de deuda, cuota, interés, mora o compromiso recurrente y puede enviarlo al módulo correcto.","La lectura automática de movimientos, documentos o cartolas en este punto no busca armar todo el presupuesto, sino identificar registros ligados a deuda y obligaciones. Debe detectar, con reglas por palabra clave, nombre de comercio o texto del documento/movimiento y con apoyo técnico opcional si el equipo lo necesita, señales como cuotas de tarjeta con o sin interés, cargos por línea de crédito, intereses, mora, avances, pagos de crédito de consumo u otros pagos de deuda no declarados por el usuario. Cuando encuentre coincidencias, la app sugiere una de dos rutas: (a) incorporarlo o vincularlo al módulo de Bola de Nieve si revela una deuda/financiamiento que debe entrar al plan o está lesionando la capacidad de ahorro; (b) asociarlo al módulo de Pagos si se trata de una obligación recurrente a controlar por vencimiento. También debe permitir asociar movimientos reales a deudas o cuentas ya registradas para mantener consistencia entre módulos. Esto opera sobre movimientos ya cargados y no agrega una nueva fuente de datos al alcance.","La sugerencia debe explicar por qué se detectó el movimiento, a qué módulo propone enviarlo (Bola de Nieve o Pagos) y qué acción puede tomar el usuario: vincular, crear, ignorar o corregir. Priorizar lectura simple y confirmación visible.","Ante un movimiento compatible, la app propone clasificación deuda/pago, permite confirmarla y, si el usuario acepta, crea o vincula el registro sin duplicar estructuras.",No confundir esta función con open finance completo ni con el armado base del presupuesto; no mover registros al plan o a pagos sin confirmación visible del usuario; no depender de IA opaca o de un modelo propio; y no tratar un apoyo técnico externo como una capacidad nueva del alcance. La institución/origen se registra solo como metadato de trazabilidad y consolidación de flujos a partir de los movimientos cargados por el usuario.,,,
,,Salida de deudas,,Ajustar pagos y ver impacto en tiempo de salida,,,,VP P1 | BOS 9 Uso,Permitir al usuario comparar esfuerzo vs tiempo de salida siguiendo la lógica de bola de nieve.,Ve cómo cambia la fecha de salida si ajusta pagos.,"Simulador básico dentro del plan de deuda para cambiar pago adicional mensual y, si producto lo habilita, un pago inicial único disponible. Debe recalcular impacto siguiendo la lógica de bola de nieve: mantener mínimos en las demás deudas, aplicar el extra a la deuda prioritaria y, al cerrarla, trasladar esa capacidad de ahorro recuperada a la siguiente deuda.","Controles simples y feedback inmediato sobre meses, fecha estimada y efecto del pago extra sobre la capacidad de ahorro recuperada.","Al ajustar el pago adicional disponible, cambia el tiempo estimado de salida y la capacidad de ahorro recuperada conforme a la lógica definida.",Sin escenarios avanzados multi-variable ni proyecciones a largo plazo fuera de la metodología base.,,,
,,,,"Visualizar orden de pago sugerido (pago minimo, interes, pago sugerido)",,,,VP P1 | BOS 4 Mensaje contundente,Hacer accionable la prioridad.,"Ve qué pagar primero, mínimo, interés y sugerencia.","Lista ordenada con criterios visibles y campos mínimos comparables: saldo/deuda actual, pago mínimo, interés o costo financiero cuando exista, y pago sugerido o extra aplicado según la lógica de bola de nieve.",Orden claro tipo 1-2-3; resaltar deuda prioritaria y explicar en lenguaje simple qué se paga mínimo y dónde entra el extra.,"El orden cambia según reglas y el usuario entiende por qué, incluyendo qué deuda recibe el extra y cuál mantiene pago mínimo.",No ocultar lógica ni convertirlo en caja negra; el criterio principal debe seguir la metodología de bola de nieve aprobada.,,,
,,,,Ver plan de salida de deudas (Resumen del plan),,,,"VP P1, P5 | BOS 9 Continuidad",Convertir prioridad en plan legible.,Ve resumen del plan y próximos pasos.,"Vista resumen con deudas, secuencia sugerida, hitos y fecha estimada, siguiendo el orden de la bola de nieve y mostrando cómo se va trasladando la capacidad de ahorro recuperada entre deudas.",Bloques simples y legibles; evitar tablas densas.,"El usuario puede leer el plan completo, entender la siguiente acción y reconocer cómo se compone su ruta de salida.",No usar términos financieros confusos ni escenarios complejos.,,,
,,,,Ver proyección de capacidad liberada ,,,,MR 7.1 | VP P4 | BOS 6 Potenciar capacidad de ahorro,Hacer visible cuánta capacidad de ahorro puede recuperar el usuario al ordenar su deuda.,El usuario entiende cuánta capacidad del mes podría recuperar al bajar deuda o evitar recargos.,"Mostrar una estimación simple del monto mensual que podría quedar disponible según el plan de salida o la reducción de recargos. Debe expresar la idea de “capacidad de ahorro recuperada”: cuando una deuda termina, ese mínimo deja de presionar el mes y puede reasignarse a la siguiente deuda o reflejarse como mayor holgura del presupuesto.","Destacar el monto con lenguaje cotidiano, por ejemplo “capacidad de ahorro recuperada” o “plata que vuelve al mes”, y explicar en una línea si proviene de deuda terminada, menor recargo o menor presión financiera.",El valor se actualiza cuando cambia el plan o los pagos y se muestra como un número entendible de capacidad de ahorro recuperada.,"No presentar esta cifra como ahorro garantizado, rentabilidad futura ni asesoría financiera formal.",,,
,,,,Ver listado de deudas priorizadas automáticamente,,,,VP P1 | BOS 5 Foco,Ordenar el caos en una sola vista.,Ve listado de deudas priorizadas automáticamente.,"Listado ordenado automáticamente por la lógica de bola de nieve definida para V1: menor deuda actual primero, manteniendo pagos mínimos en las demás; al cerrarse una deuda, su pago mínimo deja de presionar el mes y esa capacidad de ahorro recuperada se reasigna a la siguiente del orden.",Visual limpia con columnas mínimas y prioridad visible; incluir pista corta del criterio usado.,La lista se genera sin pasos manuales extra una vez cargadas las deudas.,"No mezclar con productos externos, refinanciamiento ni cambiar el criterio principal por tasa más alta salvo cambio explícito de producto.",,,
6,Presupuestos,Presupuestos,,Ingreso y agregar nueva subcategorías.,"Creación de presupuesto por categoría.
Definición de monto mínimo  y maxima por categoría.

Visualización:
Semanal
Mensual
Gráfica comparativa presupuesto vs gasto real.","Ajuste automático del presupuesto por comportamiento histórico.
Rebalanceo automático de categorías.
IA de recomendación avanzada.
Recomendaciones basadas en machine learning.",,"MR 7.1, 8.1 | VP 3.2, 3.3, P4, P5 | BOS 4, 6, 9",Transformar el presupuesto en una herramienta viva para hacer rendir mejor el sueldo y potenciar capacidad de ahorro.,"El usuario ve cuánto puede gastar, cuánto lleva y dónde se le está yendo liquidez sobre un presupuesto sugerido por la app que puede ajustar por categoría.","Presupuesto por categoría y subcategoría con comparación contra gasto real. Debe nacer de la estructura base del producto y, cuando exista información suficiente, del setup/importación inicial; el usuario revisa y ajusta metas por categoría para acercarse a su presupuesto ideal y potenciar capacidad de ahorro. Debe apoyar alertas tempranas, lectura de desvíos y detección de fugas o gastos hormiga según la regla de negocio definida para V1.","Priorizar semana y mes, mostrar categorías drenantes con claridad y usar mensajes de corrección concretos. El usuario debe leer con facilidad su meta sugerida, gasto real y desvío.","Puede revisar el presupuesto sugerido, ajustar metas por categoría, ver gasto real comparado y recibir una señal clara cuando una categoría se desborda.","No agregar rebalanceo automático, optimización avanzada ni recomendaciones basadas en ML fuera del alcance.",,,
,,,,"Visualizar categorías (Alimentación, transporte, compras, etc)",,,,VP P4 | BOS 9 Uso,Permitir lectura simple del gasto por rubro.,Ve categorías clave del mes.,Catálogo inicial de categorías relevantes para Chile/LATAM.,Iconos o nombres cotidianos; no demasiadas opciones visibles a la vez.,Categorías visibles y seleccionables en presupuesto y movimientos.,No partir con taxonomía infinita.,,,
,,,,Ingreso de categorías (Manual),,,,"VP P4, P3 | BOS 9 Mantenimiento",Dar flexibilidad sin romper simplicidad.,"Puede crear subcategorías acotadas cuando lo necesite, sin romper la estructura base del producto.","Alta manual de subcategoría dentro de una categoría base existente, con nombre y opcionalmente color/icono si producto lo mantiene. La estructura principal de categorías la define el producto para sostener orden y comparabilidad; las subcategorías que agregue el usuario deben ser acotadas y mantenerse dentro de esa estructura.","Flujo corto desde presupuesto o movimiento, dejando claro dentro de qué categoría base quedará la nueva subcategoría.",Subcategoría creada queda disponible y usable en la app dentro de su categoría base.,"No abrir alta libre de categorías base, árboles largos ni taxonomías caóticas; la estructura principal la define el producto.",,,
,,,,Recomendaciones de acuerdo al presupuesto,,,,"MR 7.1, 8.1 | VP P4, P5 | BOS 6 Elevar utilidad",Convertir los desvíos del presupuesto en una acción concreta de corrección.,"Recibe sugerencias útiles cuando una categoría compromete el mes, se desvía de su meta o reduce capacidad de ahorro.","Reglas simples vinculadas a umbrales, fugas, gastos hormiga y, cuando aplique, a la distancia entre la meta por categoría y el comportamiento real del mes. Las recomendaciones deben explicar qué categoría se desvió, por qué importa y qué ajuste simple podría evaluar el usuario para acercarse a su presupuesto ideal.","Cards o mensajes breves junto al presupuesto, con verbo de acción y referencia clara a la categoría afectada.","Cuando existe desvío relevante, la app despliega una recomendación contextual comprensible y vinculada a la categoría o meta afectada.",No usar mensajes genéricos ni prometer inteligencia avanzada que el MVP no entrega.,,,
,,,,Definir presupuesto mensual por categoría,,,,VP P4 | BOS 9 Uso,Instalar la disciplina mínima del mes real sin pedir un presupuesto en hoja en blanco.,"Revisa la meta sugerida por categoría y ajusta, si quiere, el valor objetivo con el que la app controlará gasto, alertas y recomendaciones.","La app precarga montos sugeridos por categoría base a partir del setup/importación o, si falta data, da valores guía del producto (regla de negocio en relación al ingreso del cliente y buenas prácticas). El usuario no parte desde cero: confirma o ajusta la meta mensual por categoría, y esa meta es el valor contra el que se comparan gasto real, umbrales, semáforo, comparativas y recomendaciones de corrección.","Formulario ligero, editable y entendible, mostrando monto sugerido, meta elegida, porcentaje ya consumido y señal simple del siguiente umbral.","Presupuesto sugerido guardado o ajustado y usado por alertas, comparativas y recomendaciones sobre las categorías definidas.",No exigir histórico perfecto ni pedir llenar una planilla vacía manualmente en V1.,,,
,,,,Visualizar presupuesto por semana/ mes/ año/ meta diaria,,,,MR 7.1 | VP P4 | BOS 9 Uso/continuidad,Permitir lectura corta del mes sin forzar análisis complejo.,"Ve semana, mes, año y meta diaria como vistas de apoyo.",Vistas resumidas del presupuesto con enfoque principal en semana y mes.,Default mensual/semanal; año y meta diaria como secundarias.,Puede alternar vista sin perder claridad del estado actual.,No usar estas vistas para agregar complejidad analítica innecesaria.,,,
7,Pagos,Organización de pagos mensuales,,"Ingresar cuentas por pagar (Monto, fecha vencimiento)","Panel de cuentas por pagar.
Visualización tipo semáforo de estado.
Organización de pagos mensuales.","Webpay o pasarela de pago
Pago automático desde la app.
Débito automático.
",,"MR 7, 8.1 | VP 3.2, 3.3, P2, P5 | BOS 4, 9",Ordenar cuentas por pagar para prevenir atrasos evitables y dar visibilidad operativa del corto plazo.,"El usuario ve qué debe pagar, cuándo vence y qué estado tiene cada cuenta.","Alta manual de cuentas por pagar con monto, fecha de vencimiento, estado y recordatorios configurables. El panel debe servir para controlar obligaciones, no para ejecutar pagos desde la app. La vía base del MVP es manual, pero si ya existen movimientos cargados en la app, el sistema puede sugerir asociación entre un pago real y una cuenta por pagar registrada, y también detectar posibles compromisos recurrentes no registrados por similitud de monto, periodicidad o texto para que el usuario confirme si deben crearse o vincularse. Cualquier exploración futura de API con proveedores puntuales queda fuera de esta definición funcional; el MVP debe diseñarse y validarse completo con este flujo manual más sugerencias basadas en movimientos.","Vista priorizada por vencimiento cercano y estado, con CTA claros para marcar pagado, revisar o vincular un pago detectado/sugerido. Si la app detecta recurrencia probable, debe presentarla como sugerencia clara y confirmable.","Puede crear una cuenta por pagar, verla en el panel, recibir recordatorios según configuración y, cuando aplique, vincular un movimiento detectado o aceptar la creación sugerida de un compromiso recurrente, sin depender de integraciones externas para que el flujo principal funcione.","No agregar pasarela, débito automático ni pago desde la app en esta versión; tampoco convertir una posible API futura en supuesto de diseño, dependencia operativa o alcance implícito del MVP.",,,
,,,,Ver panel de cuentas por pagar ,,,,VP P2 | BOS 9 Complementos,Centralizar visión operativa de obligaciones.,Ve listado ordenado de cuentas pendientes.,"Panel con tarjetas o tabla simple de pagos pendientes, incluyendo cuando corresponda estado de vinculación con movimientos reales o sugerencias pendientes de confirmar.",Primero vencimientos cercanos; estados visibles.,"Panel carga correctamente pagos activos y vencidos/por vencer, y cuando existe detección compatible permite revisar sugerencias sin romper el flujo principal.",No esconder información crítica tras navegación profunda.,,,
,,,,Recordatorios de pago,,,,VP P2 | BOS 9 Uso,Prevenir atrasos evitables.,Recibe recordatorios antes del vencimiento.,"Reglas de recordatorio configurables por fecha cercana y estado, usando los canales aprobados por producto: popup/in-app, push móvil y correo. Los recordatorios de pagos deben convivir con la matriz general de alertas del sistema sin duplicar mensajes innecesarios.","Mensaje breve con monto, fecha e impacto; definir según caso de uso cuándo conviene popup/in-app, cuándo push y cuándo correo.",Notificación o recordatorio visible según preferencia/configuración permitida y con al menos un canal operativo dentro de la matriz default.,No depender de SMS ni de canales no aprobados.,,,
,,,,Visualizar estados (semáforo),,,,"VP P2, P5 | BOS 4 Mensaje / 9 Uso",Hacer entendible el riesgo financiero del corto plazo.,Ve estado verde/amarillo/rojo por pago o situación.,Semáforo aplicado a pagos y estado financiero básico.,Colores consistentes y texto explicativo corto.,Cada cuenta o estado relevante muestra semáforo coherente.,No convertir el semáforo en gimmick emocional sin criterio claro.,,,
8,Asistente IA y soporte,Asistente IA,,Captura de Voz dentro del chat de la IA,"Recomendaciones automáticas basadas en reglas simples.
Chat conversacional por texto.
Captura de voz (speech-to-text) para convertir voz en texto dentro del chat.
Respuesta en formato texto.
Respuestas contextualizadas en base a:
Datos financieros del usuario dentro de la app.
Reglas de negocio predefinidas.
Está limitado al contexto de la aplicación.
Preguntas frecuentes (FAQ) (entrega de preguntas frecuentes)

Las funcionalidades automáticas incluidas en el MVP corresponden a reglas de negocio predefinidas y/o uso acotado de modelo de lenguaje externo.
No se contempla desarrollo de modelos de machine learning propios ni inteligencia artificial predictiva entrenada con datos históricos de usuarios.
","Diseño de personalidad, tono o comportamiento de asistente virtual.
Asistente virtual por video.
Avatar animado o guía interactiva.
Emoticons personalizados dentro de la experiencia financiera.
Reacciones emocionales automáticas según comportamiento financiero.
El asistente entrega información de carácter orientativo y no constituye asesoría financiera profesional certificada

Nota: La experiencia se limita a indicadores visuales tipo semáforo (verde, amarillo, rojo).",,"MR 5.4, 6.1, 9 | VP 3.2, 4.3, 5.1, P3, P5 | BOS 4, 6, 9",Usar la IA como apoyo de captura y orientación práctica dentro de límites claros.,"El usuario puede registrar por voz o texto y obtener ayuda simple sobre deuda, pagos o presupuesto.","Chat de texto con entrada de voz a texto, respuestas apoyadas en reglas de negocio, FAQ y contexto financiero disponible del usuario. La funcionalidad esperada es orientación concreta y accionable dentro del dominio del producto; si el equipo técnico utiliza un motor externo maduro de lenguaje configurado por producto (por ejemplo OpenAI u otro equivalente aprobado), eso debe leerse como decisión de implementación y no como una capacidad adicional del alcance. Puede enriquecerse con material curado o cargado por producto (por ejemplo libros o guías de finanzas personales) para responder mejor dentro del dominio definido. Debe analizar el contexto financiero disponible del usuario y entregar orientación concreta y accionable, explicando la razón de la sugerencia cuando corresponda y apoyándose en las reglas/casos de uso definidos por negocio. No sustituye asesoría profesional ni entrena un modelo propio.","Interfaz sobria, tono práctico y respuestas cortas. Siempre debe quedar claro que la recomendación es orientativa; cuando sea útil, mostrar “por qué te lo sugiero” en una línea ligada al contexto, a la regla aplicada o a la meta afectada.","La consulta funciona dentro de los límites definidos, usando contexto interno disponible y reglas/fuentes cargadas por producto, sin bloquear el flujo principal ni improvisar respuestas fuera del dominio.","No agregar avatar, personalidad compleja, video, consejo financiero certificado ni prometer que el modelo “sabe todo” fuera del dominio del producto. La tecnología elegida para responder no cambia el alcance funcional aprobado.",,,
,,,,Consultar al asistente IA por texto,,,,VP P5 | BOS 9 Uso,Dar un canal simple para pedir ayuda contextual.,Puede preguntar por texto y recibir orientación útil.,Input de chat con intents o FAQ sugeridas; respuesta textual contextual.,"Caja de texto visible, sugerencias de preguntas y respuestas cortas.",Consulta por texto funciona y devuelve orientación basada en reglas/contexto.,No responder fuera del dominio de la app ni improvisar asesoría compleja.,,,
,,,,Recomendaciones inteligentes básicas por pantalla,,,,MR 7.1 | VP P5 | BOS 6 Elevar utilidad,Llevar recomendaciones contextuales a los momentos donde el usuario necesita una acción simple.,"Ve sugerencias útiles en home, presupuesto, deuda y pagos según su situación actual, incluyendo cuándo conviene activar o revisar Bola de Nieve para potenciar capacidad de ahorro.","Motor de reglas por pantalla disparado por metas de categoría, umbrales, semáforo, vencimientos, estado del plan y, cuando aplique, avance de metas globales simples. La función es orientar una siguiente acción concreta dentro del MVP. También debe poder activar recomendaciones proactivas cuando detecte señales de presión financiera, por ejemplo pagos atrasados repetidos, obligaciones que consumen gran parte de la capacidad de pago, baja capacidad de ahorro frente a la meta declarada o movimientos que sugieren deuda no incorporada al plan.","Integrar sugerencias en el layout normal de cada pantalla; deben verse como ayuda contextual y no como banners invasivos. Cuando recomiende Bola de Nieve, debe explicar brevemente qué señal la disparó y cómo eso ayuda a potenciar capacidad de ahorro.","Las recomendaciones cambian según el contexto básico del usuario y remiten a una acción entendible, indicando cuando corresponde qué meta, categoría o señal de presión financiera está siendo afectada.","No convertirlo en un feed genérico de consejos, contenido editorial o venta cruzada.",,,
,,Soporte - FAQ,,Resolver dudas frecuentes,,,,VP P5 | BOS 9 Mantenimiento,Reducir soporte humano repetitivo y dudas de uso.,Encuentra respuestas rápidas a preguntas frecuentes.,Base FAQ estática o semiestática dentro de la app.,Listado searchable o acordeón simple.,Las FAQs cubren dudas core de uso y límites del producto.,No sustituye soporte humano para incidentes críticos.,,,
9,Administración,Perfil adm,,Configuración de gamificaciones y recomendaciones basicas,"Perfil administrador.
Reportes básicos desde la BD (x definir con cliente)
Graficos basicos con información (x definir con cliente)
Visualización de métricas generales de usuarios.","
No hay analitica, IA y machine learning
Dashboard BI avanzado.
Exportación masiva automatizada.
",,"MR 8.2, 9 | VP 4.5, 6.1 | BOS 10 Adopción",Dar gobernanza básica al MVP y soporte a la operación interna del proyecto.,El equipo interno puede ajustar parámetros permitidos y revisar métricas generales del uso del MVP.,"Backoffice mínimo para administración operativa: gestión básica de parámetros de gamificación/recomendaciones y visualización de métricas generales acordadas. Debe servir a operación interna del MVP, no a analítica avanzada.","Interfaz sobria, separada del producto de usuario final y con privilegios bien delimitados.","Un administrador autenticado puede entrar al backoffice, revisar métricas generales y cambiar solo los parámetros permitidos.","No convertirlo en dashboard ejecutivo completo, portal para sponsor ni centro de BI avanzado.",,,
,,,,Crear perfil administrador,,,,VP 6.1 | BOS 10 Adopción,Asegurar gobernanza básica del entorno admin.,Existe acceso diferenciado para operación interna.,Creación y gestión de usuario administrador.,Pantalla separada y protegida; permisos mínimos.,Admin puede iniciar sesión en entorno correspondiente con permisos limitados.,No mezclar cuentas admin con usuario final ni escalar permisos sin diseño.,,,
,,,,Reportes,,,,"MR 8.2, 9 | VP 6.2 | BOS 11 Modelo","Medir activación, uso y operación del MVP para tomar decisiones de producto y piloto.",El equipo interno ve reportes básicos confiables sobre uso y comportamiento general.,"Reportes simples construidos desde la base de datos con indicadores mínimos acordados con cliente, por ejemplo activación, uso básico y métricas generales del MVP. Su función es seguimiento operativo, no analítica corporativa compleja.","Visualizaciones simples y legibles, con foco en responder preguntas del MVP y del piloto.",Los reportes muestran datos básicos consistentes y útiles para seguimiento de operación o validación.,"No convertirlo en data warehouse, analítica predictiva ni tablero ejecutivo de alta complejidad.",,,